{
  "global": {
    "color": {
      "black": {
        "value": "#000",
        "type": "color",
        "alias": "isAlias"
      },
      "white": {
        "value": "#ffffff",
        "type": "color",
        "alias": "isAlias"
      },
      "red": {
        "50": {
          "value": "#FFF5F7",
          "type": "color",
          "alias": "isAlias"
        },
        "100": {
          "value": "#fce8ec",
          "type": "color",
          "alias": "isAlias"
        },
        "200": {
          "value": "#f9d0d9",
          "type": "color",
          "alias": "isAlias"
        },
        "300": {
          "value": "#f2a2b3",
          "type": "color",
          "alias": "isAlias"
        },
        "400": {
          "value": "#e95c7b",
          "type": "color",
          "alias": "isAlias"
        },
        "500": {
          "value": "#df1642",
          "type": "color",
          "alias": "isAlias"
        },
        "600": {
          "value": "#9c0f2e",
          "type": "color",
          "alias": "isAlias"
        },
        "700": {
          "value": "#59091a",
          "type": "color",
          "alias": "isAlias"
        },
        "800": {
          "value": "#2d040d",
          "type": "color",
          "alias": "isAlias"
        },
        "900": {
          "value": "#160207",
          "type": "color",
          "alias": "isAlias"
        },
        "950": {
          "value": "#100105",
          "type": "color",
          "alias": "isAlias"
        }
      },
      "blue": {
        "50": {
          "value": "#eceefe",
          "type": "color",
          "alias": "isAlias"
        },
        "100": {
          "value": "#d8ddfd",
          "type": "color",
          "alias": "isAlias"
        },
        "200": {
          "value": "#b1bafb",
          "type": "color",
          "alias": "isAlias"
        },
        "300": {
          "value": "#8b98f9",
          "type": "color",
          "alias": "isAlias"
        },
        "400": {
          "value": "#6475f7",
          "type": "color",
          "alias": "isAlias"
        },
        "500": {
          "value": "#3d53f5",
          "type": "color",
          "alias": "isAlias"
        },
        "600": {
          "value": "#3142c4",
          "type": "color",
          "alias": "isAlias"
        },
        "700": {
          "value": "#253293",
          "type": "color",
          "alias": "isAlias"
        },
        "800": {
          "value": "#182162",
          "type": "color",
          "alias": "isAlias"
        },
        "900": {
          "value": "#0c1131",
          "type": "color",
          "alias": "isAlias"
        },
        "950": {
          "value": "#060818",
          "type": "color",
          "alias": "isAlias"
        }
      },
      "grey": {
        "50": {
          "value": "#fcfcfc",
          "type": "color",
          "alias": "isAlias"
        },
        "100": {
          "value": "#f5f5f5",
          "type": "color",
          "alias": "isAlias"
        },
        "200": {
          "value": "#eeeeee",
          "type": "color",
          "alias": "isAlias"
        },
        "300": {
          "value": "#e0e0e0",
          "type": "color",
          "alias": "isAlias"
        },
        "400": {
          "value": "#bdbdbd",
          "type": "color",
          "alias": "isAlias"
        },
        "500": {
          "value": "#9e9e9e",
          "type": "color",
          "alias": "isAlias"
        },
        "600": {
          "value": "#757575",
          "type": "color",
          "alias": "isAlias"
        },
        "700": {
          "value": "#616161",
          "type": "color",
          "alias": "isAlias"
        },
        "800": {
          "value": "#424242",
          "type": "color",
          "alias": "isAlias"
        },
        "900": {
          "value": "#323232",
          "type": "color",
          "alias": "isAlias"
        },
        "950": {
          "value": "#212121",
          "type": "color",
          "alias": "isAlias"
        }
      }
    },
    "button": {
      "font_size": {
        "medium": {
          "value": "16",
          "type": "fontSizes"
        }
      },
      "size": {
        "medium": {
          "value": "{size.medium}",
          "type": "sizing"
        }
      },
      "background_color": {
        "primary": {
          "hover": {
            "value": "{color.blue.400}",
            "type": "color"
          }
        }
      }
    },
    "size": {
      "medium": {
        "value": "32",
        "type": "sizing",
        "alias": "isAlias"
      },
      "large": {
        "value": "40",
        "type": "sizing",
        "alias": "isAlias"
      }
    }
  },
  "light": {
    "theme": {
      "bg": {
        "default": {
          "value": "{color.white}",
          "type": "color"
        },
        "subtle": {
          "value": "{color.grey.100}",
          "type": "color"
        },
        "muted": {
          "value": "{color.grey.300}",
          "type": "color"
        }
      },
      "fg": {
        "default": {
          "value": "{color.black}",
          "type": "color"
        },
        "onAccent": {
          "value": "{color.white}",
          "type": "color"
        },
        "muted": {
          "value": "{color.grey.700}",
          "type": "color"
        },
        "subtle": {
          "value": "{color.grey.500}",
          "type": "color"
        }
      },
      "accent": {
        "default": {
          "value": "{color.blue.500}",
          "type": "color"
        },
        "subtle": {
          "value": "{color.blue.50}",
          "type": "color"
        }
      }
    }
  },
  "dark": {
    "theme": {
      "bg": {
        "default": {
          "value": "{color.black}",
          "type": "color"
        },
        "subtle": {
          "value": "{color.grey.900}",
          "type": "color"
        },
        "muted": {
          "value": "{color.grey.600}",
          "type": "color"
        }
      },
      "fg": {
        "default": {
          "value": "{color.white}",
          "type": "color"
        },
        "onAccent": {
          "value": "{color.white}",
          "type": "color"
        },
        "muted": {
          "value": "{color.grey.200}",
          "type": "color"
        },
        "subtle": {
          "value": "{color.grey.500}",
          "type": "color"
        }
      },
      "accent": {
        "default": {
          "value": "{color.blue.500}",
          "type": "color"
        },
        "subtle": {
          "value": "{color.blue.950}",
          "type": "color"
        }
      }
    }
  },
  "$themes": []
}