{
  "theme": {
    "bg": {
      "default": {
        "value": "#000",
        "type": "color"
      },
      "subtle": {
        "value": "#323232",
        "type": "color"
      },
      "muted": {
        "value": "#757575",
        "type": "color"
      }
    },
    "fg": {
      "default": {
        "value": "#ffffff",
        "type": "color"
      },
      "onAccent": {
        "value": "#ffffff",
        "type": "color"
      },
      "muted": {
        "value": "#eeeeee",
        "type": "color"
      },
      "subtle": {
        "value": "#9e9e9e",
        "type": "color"
      }
    },
    "accent": {
      "default": {
        "value": "#3d53f5",
        "type": "color"
      },
      "subtle": {
        "value": "#060818",
        "type": "color"
      }
    }
  }
}