{
  "theme": {
    "bg": {
      "default": {
        "value": "#ffffff",
        "type": "color"
      },
      "subtle": {
        "value": "#f5f5f5",
        "type": "color"
      },
      "muted": {
        "value": "#e0e0e0",
        "type": "color"
      }
    },
    "fg": {
      "default": {
        "value": "#000",
        "type": "color"
      },
      "onAccent": {
        "value": "#ffffff",
        "type": "color"
      },
      "muted": {
        "value": "#616161",
        "type": "color"
      },
      "subtle": {
        "value": "#9e9e9e",
        "type": "color"
      }
    },
    "accent": {
      "default": {
        "value": "#3d53f5",
        "type": "color"
      },
      "subtle": {
        "value": "#eceefe",
        "type": "color"
      }
    }
  }
}